Features,Importance
Glucose,0.535997533451231
Leptin,0.27116763146686423
Resistin,0.19283483508190483
